学校代码,学校名称,是否自划线院校,所在省市,学院名称,专业代码,专业名称,研究方向代码,研究方向名称,学习方式,考试方式,招生人数,政治科目,外语科目,数学科目,专业课科目,其他
10004,北京交通大学,0,北京,在职专业学位中心,085410,人工智能,01,电信学院导师组,2,统考,25,思想政治理论101,英语（二）204,数学（二）302,通信原理891,空
10004,北京交通大学,0,北京,在职专业学位中心,085410,人工智能,02,计算机学院导师组,2,统考,10,思想政治理论101,英语（二）204,数学（二）302,计算机学科专业基础408,空
10004,北京交通大学,0,北京,在职专业学位中心,085410,人工智能,03,智能学院导师组,2,统考,17,思想政治理论101,英语（二）204,数学（二）302,数据结构898,空
10004,北京交通大学,0,北京,在职专业学位中心,085410,人工智能,03,智能学院导师组,2,单考,3,思想政治理论（单独考试）111,英语（单独考试）289,数学（单独考试）789,数据结构898,空
10004,北京交通大学,0,北京,在职专业学位中心,085411,大数据技术与工程,01,计算机学院导师组,2,统考,0,思想政治理论101,英语（二）204,数学（二）302,计算机学科专业基础408,空
10004,北京交通大学,0,北京,在职专业学位中心,085412,网络与信息安全,00,不区分研究方向,2,统考,20,思想政治理论101,英语（二）204,数学（二）302,计算机学科专业基础408,空
10004,北京交通大学,0,北京,在职专业学位中心,085412,网络与信息安全,00,不区分研究方向,2,单考,20,思想政治理论101,英语（二）204,数学（二）302,计算机学科专业基础408,空
10004,北京交通大学,0,北京,在职专业学位中心,085404,计算机技术,01,计算机学院导师组,2,统考,0,思想政治理论101,英语（二）204,数学（二）302,计算机学科专业基础408,空
10004,北京交通大学,0,北京,在职专业学位中心,085405,软件工程,01,计算机学院导师组,2,统考,40,思想政治理论101,英语（二）204,数学（二）302,计算机学科专业基础408,空
10004,北京交通大学,0,北京,在职专业学位中心,085405,软件工程,02,软件学院导师组,2,统考,57,思想政治理论101,英语（二）204,数学（二）302,软件工程专业基础861,空
10004,北京交通大学,0,北京,在职专业学位中心,085405,软件工程,03,网安学院导师组,2,统考,20,思想政治理论101,英语（二）204,数学（二）302,计算机学科专业基础408,空
10004,北京交通大学,0,北京,在职专业学位中心,085405,软件工程,02,软件学院导师组,2,单考,3,思想政治理论（单独考试）111,英语（单独考试）289,数学（单独考试）789,软件工程专业基础861,空
10004,北京交通大学,0,北京,在职专业学位中心,085402,通信工程（含宽带网络、移动通信等）,00,不区分研究方向,2,统考,20,思想政治理论101,英语（二）204,数学（二）302,通信原理891,空
10054,华北电力大学,0,北京,控制与计算机工程学院,085410,人工智能,01,控制工程与系统,2,统考,21,思想政治理论101,英语（二）204,数学（二）302,自动控制原理基础842,空
10054,华北电力大学,0,北京,控制与计算机工程学院,085410,人工智能,02,智能软件工程,2,统考,22,思想政治理论101,英语（二）204,数学（二）302,计算机学科专业基础408,空
10054,华北电力大学,0,北京,控制与计算机工程学院,085410,人工智能,03,计算机与智能技术,2,统考,22,思想政治理论101,英语（二）204,数学（二）302,计算机学科专业基础408,空
10054,华北电力大学,0,北京,电气与电子工程学院,085402,通信工程（含宽带网络、移动通信等）,01,电力系统通信及信息处理,2,统考,0,思想政治理论101,英语（二）204,数学（二）302,信号与系统813,空
10054,华北电力大学,0,北京,电气与电子工程学院,085402,通信工程（含宽带网络、移动通信等）,02,现代通信技术及应用,2,统考,0,思想政治理论101,英语（二）204,数学（二）302,信号与系统813,空
10054,华北电力大学,0,北京,电气与电子工程学院,085402,通信工程（含宽带网络、移动通信等）,03,能源互联网信息通信技术,2,统考,0,思想政治理论101,英语（二）204,数学（二）302,信号与系统813,空
10054,华北电力大学,0,北京,电气与电子工程学院,085402,通信工程（含宽带网络、移动通信等）,04,智能信息处理及信息安全,2,统考,0,思想政治理论101,英语（二）204,数学（二）302,信号与系统813,空
10054,华北电力大学,0,北京,电气与电子工程学院,085402,通信工程（含宽带网络、移动通信等）,05,现代电子科学技术及应用,2,统考,0,思想政治理论101,英语（二）204,数学（二）302,信号与系统813,空
10054,华北电力大学,0,北京,电气与电子工程学院,085402,通信工程（含宽带网络、移动通信等）,06,光通信与光传感技术,2,统考,0,思想政治理论101,英语（二）204,数学（二）302,信号与系统813,空
10054,华北电力大学,0,北京,电气与电子工程学院,085402,通信工程（含宽带网络、移动通信等）,07,物联网与现代传感技术,2,统考,0,思想政治理论101,英语（二）204,数学（二）302,信号与系统813,空
10054,华北电力大学,0,北京,电气与电子工程学院,085402,通信工程（含宽带网络、移动通信等）,01,电力系统通信及信息处理,2,单考,0,思想政治理论（单独考试）111,英语（单独考试）241,数学（单独考试）611,信号与系统（单独考试）815,空
10054,华北电力大学,0,北京,电气与电子工程学院,085402,通信工程（含宽带网络、移动通信等）,02,现代通信技术及应用,2,单考,0,思想政治理论（单独考试）111,英语（单独考试）241,数学（单独考试）611,信号与系统（单独考试）815,空
10054,华北电力大学,0,北京,电气与电子工程学院,085402,通信工程（含宽带网络、移动通信等）,03,能源互联网信息通信技术,2,单考,0,思想政治理论（单独考试）111,英语（单独考试）241,数学（单独考试）611,信号与系统（单独考试）815,空
10141,大连理工大学,1,辽宁,（主校区）计算机科学与技术学院,085410,人工智能,03,智能工程,2,统考,4,思想政治理论101,英语（一）201,数学（一）301,数据结构810,空
10141,大连理工大学,1,辽宁,（主校区）计算机科学与技术学院,085410,人工智能,03,智能工程,2,单考,1,思想政治理论（单独考试）111,单独考试英语250,单独考试数学710,数据结构810,空
10141,大连理工大学,1,辽宁,（主校区）计算机科学与技术学院,085404,计算机技术,06,数据科学与智能计算,2,统考,0,思想政治理论101,英语（一）201,数学（一）301,数据结构810,空
10141,大连理工大学,1,辽宁,（主校区）计算机科学与技术学院,085404,计算机技术,06,数据科学与智能计算,2,单考,0,思想政治理论（单独考试）111,单独考试英语250,单独考试数学710,数据结构810,空
10141,大连理工大学,1,辽宁,（开发区校区）软件学院,085405,软件工程,02,智能工程,2,统考,50,思想政治理论101,英语（二）204,数学（二）302,软件工程887,空
10141,大连理工大学,1,辽宁,（开发区校区）集成电路学院,085403,集成电路工程,03,电子材料与器件,2,统考,0,思想政治理论101,英语（一）201,数学（一）301,半导体物理805,空
10141,大连理工大学,1,辽宁,（开发区校区）集成电路学院,085403,集成电路工程,04,电子信息与集成电路,2,统考,0,思想政治理论101,英语（一）201,数学（一）301,半导体物理805,空
10264,上海海洋大学,0,上海,信息学院,085410,人工智能,00,不区分研究方向,2,统考,36,思想政治理论101,英语（二）204,数学（二）302,人工智能基础综合829,空
10269,华东师范大学,0,上海,地理科学学院,085410,人工智能,01,空间人工智能（GeoAI）产教融合,2,统考,0,思想政治理论101,英语（二）204,数学（二）302,人工智能基础814,空
10269,华东师范大学,0,上海,信息学部,085410,人工智能,01,人工智能(非全产教融合),2,统考,0,思想政治理论101,英语（二）204,数学（二）302,人工智能基础814,空
10269,华东师范大学,0,上海,数据科学与工程学院,085411,大数据技术与工程,02,数据系统,2,统考,18,思想政治理论101,英语（二）204,数学（二）302,数据工程基础829,空
10269,华东师范大学,0,上海,计算机科学与技术学院,085404,计算机技术,02,计算机技术（非全）,2,统考,0,思想政治理论101,英语（二）204,数学（二）302,计算机学科专业基础408,空
10269,华东师范大学,0,上海,软件工程学院,085405,软件工程,00,不区分研究方向,2,统考,98,思想政治理论101,英语（二）204,数学（二）302,计算机学科专业基础408,空
10269,华东师范大学,0,上海,通信与电子工程学院,085402,通信工程（含宽带网络、移动通信等）,00,不区分研究方向,2,统考,20,思想政治理论101,英语（二）204,数学（二）302,数字电路801,空
10269,华东师范大学,0,上海,通信与电子工程学院,085403,集成电路工程,03,产教融合项目(非全),2,统考,18,思想政治理论101,英语（二）204,数学（二）302,半导体与电子电路基础843,空
10288,南京理工大学,0,江苏,计算机科学与工程学院,085410,人工智能,F1,不区分研究方向,2,统考,0,思想政治理论101,英语（二）204,数学（二）302,计算机学科专业基础408,空
10288,南京理工大学,0,江苏,电子工程与光电技术学院,085408,光电信息工程,F1,不区分研究方向(非全),2,统考,0,思想政治理论101,英语（二）204,数学（二）302,光学工程819,空
10288,南京理工大学,0,江苏,电子工程与光电技术学院,085408,光电信息工程,F1,不区分研究方向(非全),2,单考,0,思想政治理论（单独考试）111,英语（单独考试）241,数学（单独考试）611,光学工程（单考）898,空
10288,南京理工大学,0,江苏,自动化学院,085406,控制工程,F1,不区分研究方向(非全),2,统考,0,思想政治理论101,英语（二）204,数学（二）302,自动控制理论873,空
10288,南京理工大学,0,江苏,自动化学院,085406,控制工程,F1,不区分研究方向(非全),2,单考,0,思想政治理论（单独考试）111,英语（单独考试）241,数学（单独考试）611,自动控制理论（单考）899,空
10288,南京理工大学,0,江苏,电子工程与光电技术学院,085401,新一代电子信息技术（含量子技术等）,F1,不区分研究方向(非全),2,统考,0,思想政治理论101,英语（二）204,数学（二）302,电磁波、信号与系统891,空
10288,南京理工大学,0,江苏,微电子学院（集成电路学院）,085403,集成电路工程,F1,集成电路设计与EDA.,2,统考,0,思想政治理论101,英语（二）204,数学（二）302,电磁波、信号与系统891,空
10288,南京理工大学,0,江苏,微电子学院（集成电路学院）,085403,集成电路工程,F2,微系统集成与封装技术.,2,统考,0,思想政治理论101,英语（二）204,数学（二）302,电磁波、信号与系统891,空
10288,南京理工大学,0,江苏,微电子学院（集成电路学院）,085403,集成电路工程,F3,嵌入式系统设计与应用.,2,统考,0,思想政治理论101,英语（二）204,数学（二）302,电磁波、信号与系统891,空
10288,南京理工大学,0,江苏,微电子学院（集成电路学院）,085403,集成电路工程,F4,微纳电子器件与应用.,2,统考,0,思想政治理论101,英语（二）204,数学（二）302,电磁波、信号与系统891,空
10288,南京理工大学,0,江苏,微电子学院（集成电路学院）,085403,集成电路工程,F5,电子集成技术与器件.,2,统考,0,思想政治理论101,英语（二）204,数学（二）302,电磁波、信号与系统891,空
10295,江南大学,0,江苏,人工智能与计算机学院,085410,人工智能,01,人工智能与模式识别,2,统考,0,思想政治理论101,英语（二）204,数学（二）302,算法与程序设计851,空
10295,江南大学,0,江苏,人工智能与计算机学院,085410,人工智能,02,大数据与云计算,2,统考,0,思想政治理论101,英语（二）204,数学（二）302,算法与程序设计851,空
10295,江南大学,0,江苏,人工智能与计算机学院,085410,人工智能,03,网络与信息安全,2,统考,0,思想政治理论101,英语（二）204,数学（二）302,算法与程序设计851,空
10295,江南大学,0,江苏,人工智能与计算机学院,085410,人工智能,04,智能软件技术,2,统考,0,思想政治理论101,英语（二）204,数学（二）302,算法与程序设计851,空
10295,江南大学,0,江苏,人工智能与计算机学院,085410,人工智能,05,智能媒体技术,2,统考,0,思想政治理论101,英语（二）204,数学（二）302,算法与程序设计851,空
10295,江南大学,0,江苏,物联网工程学院,085406,控制工程,01,先进控制技术与应用,2,统考,0,思想政治理论101,英语（二）204,数学（二）302,自动控制原理807,空
10295,江南大学,0,江苏,物联网工程学院,085406,控制工程,02,智能检测技术与装置,2,统考,0,思想政治理论101,英语（二）204,数学（二）302,自动控制原理807,空
10295,江南大学,0,江苏,物联网工程学院,085406,控制工程,03,图像分析与模式识别,2,统考,0,思想政治理论101,英语（二）204,数学（二）302,自动控制原理807,空
10295,江南大学,0,江苏,物联网工程学院,085406,控制工程,04,工业机器人,2,统考,0,思想政治理论101,英语（二）204,数学（二）302,自动控制原理807,空
10295,江南大学,0,江苏,物联网工程学院,085406,控制工程,05,控制工程与应用,2,统考,0,思想政治理论101,英语（二）204,数学（二）302,自动控制原理807,空
10295,江南大学,0,江苏,物联网工程学院,085401,新一代电子信息技术（含量子技术等）,01,智能感知技术,2,统考,0,思想政治理论101,英语（二）204,数学（二）302,模拟与数字电子技术810,空
10295,江南大学,0,江苏,物联网工程学院,085401,新一代电子信息技术（含量子技术等）,02,物联网组网与通信技术,2,统考,0,思想政治理论101,英语（二）204,数学（二）302,模拟与数字电子技术810,空
10295,江南大学,0,江苏,物联网工程学院,085401,新一代电子信息技术（含量子技术等）,03,物联网工程与应用,2,统考,0,思想政治理论101,英语（二）204,数学（二）302,模拟与数字电子技术810,空
10295,江南大学,0,江苏,人工智能与计算机学院,085404,计算机技术,01,人工智能与模式识别,2,统考,0,思想政治理论101,英语（二）204,数学（二）302,算法与程序设计851,空
10295,江南大学,0,江苏,人工智能与计算机学院,085404,计算机技术,02,大数据与云计算,2,统考,0,思想政治理论101,英语（二）204,数学（二）302,算法与程序设计851,空
10295,江南大学,0,江苏,人工智能与计算机学院,085404,计算机技术,03,物联网与信息安全,2,统考,0,思想政治理论101,英语（二）204,数学（二）302,算法与程序设计851,空
10295,江南大学,0,江苏,人工智能与计算机学院,085404,计算机技术,04,计算机应用,2,统考,0,思想政治理论101,英语（二）204,数学（二）302,算法与程序设计851,空
10295,江南大学,0,江苏,人工智能与计算机学院,085404,计算机技术,01,人工智能与模式识别,2,单考,0,思想政治理论101,英语（二）204,数学（二）302,算法与程序设计851,空
10295,江南大学,0,江苏,人工智能与计算机学院,085404,计算机技术,02,大数据与云计算,2,单考,0,思想政治理论101,英语（二）204,数学（二）302,算法与程序设计851,空
10295,江南大学,0,江苏,人工智能与计算机学院,085404,计算机技术,03,物联网与信息安全,2,单考,0,思想政治理论101,英语（二）204,数学（二）302,算法与程序设计851,空
10295,江南大学,0,江苏,人工智能与计算机学院,085404,计算机技术,04,计算机应用,2,单考,0,思想政治理论101,英语（二）204,数学（二）302,算法与程序设计851,空
10295,江南大学,0,江苏,人工智能与计算机学院,085405,软件工程,01,软件理论与方法,2,统考,0,思想政治理论101,英语（二）204,数学（二）302,算法与程序设计851,空
10295,江南大学,0,江苏,人工智能与计算机学院,085405,软件工程,02,智能软件技术,2,统考,0,思想政治理论101,英语（二）204,数学（二）302,算法与程序设计851,空
10295,江南大学,0,江苏,人工智能与计算机学院,085405,软件工程,03,网络软件与安全,2,统考,0,思想政治理论101,英语（二）204,数学（二）302,算法与程序设计851,空
10295,江南大学,0,江苏,人工智能与计算机学院,085405,软件工程,04,现代软件工程技术,2,统考,0,思想政治理论101,英语（二）204,数学（二）302,算法与程序设计851,空
10295,江南大学,0,江苏,集成电路学院,085403,集成电路工程,01,集成电路设计与应用,2,统考,0,思想政治理论101,英语（二）204,数学（二）302,模拟与数字电子技术810,空
10295,江南大学,0,江苏,集成电路学院,085403,集成电路工程,02,集成电路器件与工艺,2,统考,0,思想政治理论101,英语（二）204,数学（二）302,模拟与数字电子技术810,空
10295,江南大学,0,江苏,集成电路学院,085403,集成电路工程,03,集成电路封装与测试,2,统考,0,思想政治理论101,英语（二）204,数学（二）302,模拟与数字电子技术810,空
10295,江南大学,0,江苏,集成电路学院,085403,集成电路工程,04,传感器研究与应用,2,统考,0,思想政治理论101,英语（二）204,数学（二）302,模拟与数字电子技术810,空
10295,江南大学,0,江苏,集成电路学院,085403,集成电路工程,05,电子系统设计与应用,2,统考,0,思想政治理论101,英语（二）204,数学（二）302,模拟与数字电子技术810,空
10504,华中农业大学,0,湖北,信息学院,085410,人工智能,01,人工智能,2,统考,0,思想政治理论101,英语（二）204,数学（二）302,计算机学科专业基础408,空
10504,华中农业大学,0,湖北,信息学院,085410,人工智能,01,人工智能,2,单考,0,思想政治理论101,英语（二）204,数学（二）302,计算机学科专业基础408,空
10504,华中农业大学,0,湖北,信息学院,085411,大数据技术与工程,01,大数据技术与工程,2,统考,0,思想政治理论101,英语（二）204,数学（二）302,计算机学科专业基础408,空
10504,华中农业大学,0,湖北,信息学院,085411,大数据技术与工程,01,大数据技术与工程,2,单考,0,思想政治理论101,英语（二）204,数学（二）302,计算机学科专业基础408,空
10504,华中农业大学,0,湖北,信息学院,085409,生物医学工程,01,生物医学工程,2,统考,0,思想政治理论101,英语（二）204,数学（二）302,计算机学科专业基础408,空
10504,华中农业大学,0,湖北,信息学院,085409,生物医学工程,01,生物医学工程,2,单考,0,思想政治理论101,英语（二）204,数学（二）302,计算机学科专业基础408,空
10504,华中农业大学,0,湖北,工学院,085400,电子信息,01,光电信息工程,2,统考,0,思想政治理论101,英语（二）204,数学（二）302,信号与系统876,空
10504,华中农业大学,0,湖北,工学院,085400,电子信息,02,光电材料与器件,2,统考,0,思想政治理论101,英语（二）204,数学（二）302,信号与系统876,空
10504,华中农业大学,0,湖北,工学院,085400,电子信息,03,农业信息感知,2,统考,0,思想政治理论101,英语（二）204,数学（二）302,信号与系统876,空
10504,华中农业大学,0,湖北,工学院,085400,电子信息,01,光电信息工程,2,单考,0,思想政治理论101,英语（二）204,数学（二）302,信号与系统876,空
10504,华中农业大学,0,湖北,工学院,085400,电子信息,02,光电材料与器件,2,单考,0,思想政治理论101,英语（二）204,数学（二）302,信号与系统876,空
10504,华中农业大学,0,湖北,工学院,085400,电子信息,03,农业信息感知,2,单考,0,思想政治理论101,英语（二）204,数学（二）302,信号与系统876,空
10504,华中农业大学,0,湖北,信息学院,085404,计算机技术,01,计算机技术,2,统考,0,思想政治理论101,英语（二）204,数学（二）302,计算机学科专业基础408,空
10504,华中农业大学,0,湖北,信息学院,085404,计算机技术,01,计算机技术,2,单考,0,思想政治理论101,英语（二）204,数学（二）302,计算机学科专业基础408,空
10504,华中农业大学,0,湖北,信息学院,085405,软件工程,01,软件工程,2,统考,0,思想政治理论101,英语（二）204,数学（二）302,计算机学科专业基础408,空
10504,华中农业大学,0,湖北,信息学院,085405,软件工程,01,软件工程,2,单考,0,思想政治理论101,英语（二）204,数学（二）302,计算机学科专业基础408,空
10614,电子科技大学,1,四川,航空航天学院,085410,人工智能,01,不区分招生方向(非全),2,统考,5,思想政治理论101,英语（一）201,数学（一）301,信号与系统858,空
10614,电子科技大学,1,四川,资源与环境学院,085411,大数据技术与工程,02,不区分招生方向(非全),2,统考,15,思想政治理论101,英语（一）201,数学（一）301,信号与系统858,空
10614,电子科技大学,1,四川,信息与通信工程学院,085401,新一代电子信息技术（含量子技术等）,01,不区分招生方向(非全),2,统考,40,思想政治理论101,英语（一）201,数学（一）301,信号与系统858,空
10614,电子科技大学,1,四川,电子科学与工程学院,085401,新一代电子信息技术（含量子技术等）,01,方向1(非全),2,统考,26,思想政治理论101,英语（一）201,数学（一）301,电磁场与电磁波813,空
10614,电子科技大学,1,四川,电子科学与工程学院,085401,新一代电子信息技术（含量子技术等）,02,方向2(非全),2,统考,20,思想政治理论101,英语（一）201,数学（一）301,信号与系统858,空
10614,电子科技大学,1,四川,生命科学与技术学院,085409,生物医学工程,02,不区分招生方向(非全),2,统考,4,思想政治理论101,英语（一）201,数学（一）301,数字图像处理830,空
10614,电子科技大学,1,四川,机械与电气工程学院,085400,电子信息,02,不区分招生方向(非全),2,统考,5,思想政治理论101,英语（一）201,数学（一）301,电路分析基础815,空
10614,电子科技大学,1,四川,光电科学与工程学院,085400,电子信息,03,光电技术与应用(非全),2,统考,4,思想政治理论101,英语（一）201,数学（一）301,物理光学840,空
10614,电子科技大学,1,四川,光电科学与工程学院,085400,电子信息,04,光电信息及传感技术(非全),2,统考,4,思想政治理论101,英语（一）201,数学（一）301,电磁场与电磁波813,空
10614,电子科技大学,1,四川,自动化工程学院,085400,电子信息,01,不区分招生方向(非全),2,统考,14,思想政治理论101,英语（一）201,数学（一）301,自动控制原理839,空
10614,电子科技大学,1,四川,计算机科学与工程学院,085400,电子信息,01,不区分招生方向(非全),2,统考,97,思想政治理论101,英语（一）201,数学（一）301,计算机专业基础820,空
10614,电子科技大学,1,四川,信息与软件工程学院,085400,电子信息,01,不区分招生方向(非全),2,统考,15,思想政治理论101,英语（一）201,数学（一）301,软件工程学科基础综合860,空
10614,电子科技大学,1,四川,物理学院,085400,电子信息,02,不区分招生方向(非全),2,统考,20,思想政治理论101,英语（一）201,数学（一）301,信号与系统858,空
10614,电子科技大学,1,四川,通信抗干扰全国重点实验室,085400,电子信息,02,不区分招生方向(非全),2,统考,4,思想政治理论101,英语（一）201,数学（一）301,信号与系统858,空
10614,电子科技大学,1,四川,电子科学技术研究院,085400,电子信息,04,不区分招生方向(非全),2,统考,3,思想政治理论101,英语（一）201,数学（一）301,信号与系统858,空
10614,电子科技大学,1,四川,电子科技大学（深圳）高等研究院,085400,电子信息,02,信息与通信工程（非全）,2,统考,5,思想政治理论101,英语（一）201,数学（一）301,信号与系统858,空
10614,电子科技大学,1,四川,数学科学学院,085405,软件工程,01,不区分招生方向(非全),2,统考,5,思想政治理论101,英语（一）201,数学（一）301,软件工程学科基础综合860,空
10614,电子科技大学,1,四川,信息与通信工程学院,085402,通信工程（含宽带网络、移动通信等）,01,不区分招生方向(非全),2,统考,40,思想政治理论101,英语（一）201,数学（一）301,信号与系统858,空
10701,西安电子科技大学,0,陕西,人工智能学院,085410,人工智能,02,电子信息,2,统考,0,思想政治理论101,英语（一）201,数学（一）301,电路、信号与系统821,空
10701,西安电子科技大学,0,陕西,机电工程学院,085407,仪器仪表工程,02,电子信息,2,统考,0,思想政治理论101,英语（一）201,数学（一）301,信号与系统844,空
10701,西安电子科技大学,0,陕西,光电工程学院,085408,光电信息工程,02,电子信息,2,统考,0,思想政治理论101,英语（一）201,数学（一）301,物理光学与应用光学851,空
10701,西安电子科技大学,0,陕西,卓越工程师学院,085408,光电信息工程,03,电子信息-粤港澳大湾区基地专项,2,统考,1,思想政治理论101,英语（一）201,数学（一）301,物理光学与应用光学851,空
10701,西安电子科技大学,0,陕西,卓越工程师学院,085408,光电信息工程,04,电子信息-长三角基地专项,2,统考,1,思想政治理论101,英语（一）201,数学（一）301,物理光学与应用光学851,空
10701,西安电子科技大学,0,陕西,机电工程学院,085406,控制工程,02,电子信息,2,统考,0,思想政治理论101,英语（一）201,数学（一）301,自动控制原理843,空
10701,西安电子科技大学,0,陕西,通信工程学院,085401,新一代电子信息技术（含量子技术等）,02,电子信息,2,统考,8,思想政治理论101,英语（一）201,数学（一）301,信号与系统、电路811,空
10701,西安电子科技大学,0,陕西,电子工程学院,085401,新一代电子信息技术（含量子技术等）,03,电子信息,2,统考,7,思想政治理论101,英语（一）201,数学（一）301,电路、信号与系统821,空
10701,西安电子科技大学,0,陕西,空间科学与技术学院,085401,新一代电子信息技术（含量子技术等）,02,电子信息,2,统考,2,思想政治理论101,英语（一）201,数学（一）301,信号与线性系统892,空
10701,西安电子科技大学,0,陕西,卓越工程师学院,085401,新一代电子信息技术（含量子技术等）,04,电子信息-粤港澳大湾区基地专项,2,统考,1,思想政治理论101,英语（一）201,数学（一）301,电路、信号与系统821,空
10701,西安电子科技大学,0,陕西,卓越工程师学院,085401,新一代电子信息技术（含量子技术等）,05,电子信息-长三角基地专项,2,统考,1,思想政治理论101,英语（一）201,数学（一）301,电路、信号与系统821,空
10701,西安电子科技大学,0,陕西,生命科学技术学院,085409,生物医学工程,04,电子信息,2,统考,0,思想政治理论101,英语（一）201,数学（一）301,信号与系统844,空
10701,西安电子科技大学,0,陕西,网络与信息安全学院,085412,网络与信息安全,04,电子信息,2,统考,0,思想政治理论101,英语（一）201,数学（一）301,网络空间安全基础综合893,空
10701,西安电子科技大学,0,陕西,卓越工程师学院,085412,网络与信息安全,03,电子信息-粤港澳大湾区基地专项,2,统考,3,思想政治理论101,英语（一）201,数学（一）301,网络空间安全基础综合893,空
10701,西安电子科技大学,0,陕西,卓越工程师学院,085412,网络与信息安全,04,电子信息-长三角基地专项,2,统考,1,思想政治理论101,英语（一）201,数学（一）301,网络空间安全基础综合893,空
10701,西安电子科技大学,0,陕西,计算机科学与技术学院,085404,计算机技术,02,电子信息,2,统考,0,思想政治理论101,英语（一）201,数学（一）301,数据结构、计算机组成原理834,空
10701,西安电子科技大学,0,陕西,人工智能学院,085404,计算机技术,02,电子信息,2,统考,0,思想政治理论101,英语（一）201,数学（一）301,数据结构、计算机组成原理834,空
10701,西安电子科技大学,0,陕西,卓越工程师学院,085404,计算机技术,03,电子信息-粤港澳大湾区基地专项,2,统考,3,思想政治理论101,英语（一）201,数学（一）301,数据结构、计算机组成原理834,空
10701,西安电子科技大学,0,陕西,卓越工程师学院,085404,计算机技术,04,电子信息-长三角基地专项,2,统考,1,思想政治理论101,英语（一）201,数学（一）301,数据结构、计算机组成原理834,空
10701,西安电子科技大学,0,陕西,计算机科学与技术学院,085405,软件工程,02,电子信息,2,统考,0,思想政治理论101,英语（一）201,数学（一）301,数据结构、计算机组成原理834,空
10701,西安电子科技大学,0,陕西,通信工程学院,085402,通信工程（含宽带网络、移动通信等）,02,电子信息,2,统考,0,思想政治理论101,英语（一）201,数学（一）301,信号与系统、电路811,空
10701,西安电子科技大学,0,陕西,卓越工程师学院,085402,通信工程（含宽带网络、移动通信等）,03,电子信息-粤港澳大湾区基地专项,2,统考,1,思想政治理论101,英语（一）201,数学（一）301,信号与系统、电路811,空
10701,西安电子科技大学,0,陕西,卓越工程师学院,085402,通信工程（含宽带网络、移动通信等）,04,电子信息-长三角基地专项,2,统考,1,思想政治理论101,英语（一）201,数学（一）301,信号与系统、电路811,空
10701,西安电子科技大学,0,陕西,卓越工程师学院,085403,集成电路工程,03,电子信息-粤港澳大湾区基地专项,2,统考,3,思想政治理论101,英语（一）201,数学（一）301,半导体物理801,空
10701,西安电子科技大学,0,陕西,卓越工程师学院,085403,集成电路工程,04,电子信息-长三角基地专项,2,统考,3,思想政治理论101,英语（一）201,数学（一）301,半导体物理801,空
10701,西安电子科技大学,0,陕西,集成电路学部,085403,集成电路工程,04,电子信息,2,统考,0,思想政治理论101,英语（一）201,数学（一）301,半导体物理801,空
10712,西北农林科技大学,0,陕西,信息工程学院,085410,人工智能,00,不区分研究方向,2,统考,30,思想政治理论101,英语（二）204,数学（二）302,数据结构和C语言842,空
11414,中国石油大学(北京),0,北京,人工智能学院,085410,人工智能,01,油气资源大数据与智能工程,2,统考,0,思想政治理论101,英语（二）204,数学（二）302,计算机学科专业基础408,空
11414,中国石油大学(北京),0,北京,人工智能学院,085410,人工智能,02,油气工程信息化与智能化技术,2,统考,0,思想政治理论101,英语（二）204,数学（二）302,计算机学科专业基础408,空
11414,中国石油大学(北京),0,北京,人工智能学院,085410,人工智能,03,智能化学工程与技术,2,统考,0,思想政治理论101,英语（二）204,数学（二）302,计算机学科专业基础408,空
11414,中国石油大学(北京),0,北京,人工智能学院,085410,人工智能,04,安全大数据与人工智能,2,统考,0,思想政治理论101,英语（二）204,数学（二）302,计算机学科专业基础408,空
11414,中国石油大学(北京),0,北京,人工智能学院,085410,人工智能,05,人工智能及应用,2,统考,0,思想政治理论101,英语（二）204,数学（二）302,计算机学科专业基础408,空
14430,中国科学院大学,0,北京,人工智能学院,085410,人工智能,02,人工智能（人工智能学院）,2,统考,120,思想政治理论101,英语（二）204,数学（二）302,人工智能基础883,空
14430,中国科学院大学,0,北京,沈阳计算技术研究所,085404,计算机技术,02,计算机技术（133沈阳计算所）,2,统考,25,思想政治理论101,英语（二）204,数学（二）302,程序设计864,空
14430,中国科学院大学,0,北京,深圳先进技术研究院,085404,计算机技术,04,计算机技术,2,统考,30,思想政治理论101,英语（二）204,数学（二）302,信号与系统859,空
10007,北京理工大学,1,北京,光电学院,085407,仪器仪表工程,00,不区分研究方向,2,单考,1,思想政治理论（单独考试）111,自命题英语241,数学611,光学精密机械基础818,空
10007,北京理工大学,1,北京,光电学院,085408,光电信息工程,00,不区分研究方向,2,单考,2,思想政治理论（单独考试）111,自命题英语241,数学611,光学与电子技术基础819,空
10007,北京理工大学,1,北京,计算机学院,085405,软件工程,00,不区分研究方向,2,单考,12,思想政治理论（单独考试）111,自命题英语241,数学611,软件工程专业基础综合885,空
10287,南京航空航天大学,0,江苏,自动化学院,085407,仪器仪表工程,FF,非全（研究方向不区分）,2,统考,0,思想政治理论101,英语（一）201,数学（二）302,模拟电路833,空
10287,南京航空航天大学,0,江苏,自动化学院,085407,仪器仪表工程,FF,非全（研究方向不区分）,2,单考,0,思想政治理论（单独考试）111,英语（单独考试）241,高等数学（单独考试）614,模拟电路833,空
10287,南京航空航天大学,0,江苏,自动化学院,085406,控制工程,FF,非全（研究方向不区分）,2,统考,0,思想政治理论101,英语（一）201,数学（二）302,自动控制原理820,空
10287,南京航空航天大学,0,江苏,自动化学院,085406,控制工程,FF,非全（研究方向不区分）,2,单考,0,思想政治理论（单独考试）111,英语（单独考试）241,高等数学（单独考试）614,自动控制原理820,空
10287,南京航空航天大学,0,江苏,自动化学院,085409,生物医学工程,FF,非全（研究方向不区分）,2,统考,0,思想政治理论101,英语（一）201,数学（二）302,医学生物化学877,空
10287,南京航空航天大学,0,江苏,自动化学院,085409,生物医学工程,FF,非全（研究方向不区分）,2,单考,0,思想政治理论（单独考试）111,英语（单独考试）241,高等数学（单独考试）614,医学生物化学877,空
10287,南京航空航天大学,0,江苏,航天学院,085400,电子信息,FF,非全（研究方向不区分）,2,统考,2,思想政治理论101,英语（一）201,数学（二）302,普通物理811,空
10287,南京航空航天大学,0,江苏,集成电路学院,085400,电子信息,FF,非全（研究方向不区分）,2,统考,4,思想政治理论101,英语（一）201,数学（二）302,数字电路和信号与系统878,空
10287,南京航空航天大学,0,江苏,航天学院,085400,电子信息,FF,非全（研究方向不区分）,2,单考,1,思想政治理论（单独考试）111,英语（单独考试）241,高等数学（单独考试）614,普通物理811,空
10287,南京航空航天大学,0,江苏,集成电路学院,085400,电子信息,FF,非全（研究方向不区分）,2,单考,2,思想政治理论（单独考试）111,英语（单独考试）241,高等数学（单独考试）614,数字电路和信号与系统878,空
10287,南京航空航天大学,0,江苏,计算机科学与技术学院/软件学院、人工智能学院,085412,网络与信息安全,FF,非全（研究方向不区分）,2,统考,0,思想政治理论101,英语（一）201,数学（二）302,计算机学科专业基础408,空
10287,南京航空航天大学,0,江苏,计算机科学与技术学院/软件学院、人工智能学院,085412,网络与信息安全,FF,非全（研究方向不区分）,2,单考,0,思想政治理论（单独考试）111,英语（单独考试）241,高等数学（单独考试）614,计算机专业基础829,空
10287,南京航空航天大学,0,江苏,计算机科学与技术学院/软件学院、人工智能学院,085404,计算机技术,FF,非全（研究方向不区分）,2,统考,0,思想政治理论101,英语（一）201,数学（二）302,计算机学科专业基础408,空
10287,南京航空航天大学,0,江苏,计算机科学与技术学院/软件学院、人工智能学院,085404,计算机技术,FF,非全（研究方向不区分）,2,单考,0,思想政治理论（单独考试）111,英语（单独考试）241,高等数学（单独考试）614,计算机专业基础829,空
10287,南京航空航天大学,0,江苏,计算机科学与技术学院/软件学院、人工智能学院,085405,软件工程,FF,非全（研究方向不区分）,2,统考,0,思想政治理论101,英语（一）201,数学（二）302,计算机学科专业基础408,空
10287,南京航空航天大学,0,江苏,计算机科学与技术学院/软件学院、人工智能学院,085405,软件工程,FF,非全（研究方向不区分）,2,单考,0,思想政治理论（单独考试）111,英语（单独考试）241,高等数学（单独考试）614,计算机专业基础829,空
10615,西南石油大学,0,四川,机电工程学院,085407,仪器仪表工程,01,不区分研究方向,2,统考,0,思想政治理论101,英语（二）204,数学（二）302,数字电路816,空
10615,西南石油大学,0,四川,电气信息学院,085406,控制工程,01,智能检测与控制,2,统考,0,思想政治理论101,英语（二）204,数学（二）302,数字电子技术817,空
10615,西南石油大学,0,四川,电气信息学院,085406,控制工程,02,检测技术与自动化装置,2,统考,0,思想政治理论101,英语（二）204,数学（二）302,数字电子技术817,空
10615,西南石油大学,0,四川,电气信息学院,085406,控制工程,03,系统建模与仿真技术,2,统考,0,思想政治理论101,英语（二）204,数学（二）302,数字电子技术817,空
10615,西南石油大学,0,四川,电气信息学院,085406,控制工程,04,信息获取、处理与控制,2,统考,0,思想政治理论101,英语（二）204,数学（二）302,数字电子技术817,空
10615,西南石油大学,0,四川,计算机与软件学院,085404,计算机技术,01,不区分研究方向,2,统考,0,思想政治理论101,英语（二）204,数学（二）302,计算机学科综合（数据结构+操作系统）825,空
10699,西北工业大学,1,陕西,机电学院,085407,仪器仪表工程,00,不区分研究方向,2,统考,2,思想政治理论101,英语（二）204,数学（二）302,自动控制原理821,空
10699,西北工业大学,1,陕西,机电学院,085407,仪器仪表工程,00,不区分研究方向,2,单考,3,思想政治理论（单独考试）111,单考英语251,单考数学733,自动控制原理821,空
10699,西北工业大学,1,陕西,航天学院,085406,控制工程,00,不区分研究方向,2,统考,4,思想政治理论101,英语（二）204,数学（二）302,飞行器控制原理896,空
10699,西北工业大学,1,陕西,民航学院,085406,控制工程,00,不区分研究方向,2,统考,3,思想政治理论101,英语（二）204,数学（二）302,飞行器控制原理896,空
10699,西北工业大学,1,陕西,电子信息学院,085401,新一代电子信息技术（含量子技术等）,00,不区分研究方向,2,统考,10,思想政治理论101,英语（一）201,数学（一）301,信号与系统827,空
10699,西北工业大学,1,陕西,电子信息学院,085401,新一代电子信息技术（含量子技术等）,00,不区分研究方向,2,单考,3,思想政治理论（单独考试）111,单考英语251,单考数学733,信号与系统827,空
10699,西北工业大学,1,陕西,网络空间安全学院,085412,网络与信息安全,00,不区分研究方向,2,统考,10,思想政治理论101,英语（二）204,数学（二）302,计算机原理及网络847,空
10699,西北工业大学,1,陕西,网络空间安全学院,085412,网络与信息安全,00,不区分研究方向,2,单考,3,思想政治理论（单独考试）111,单考英语251,单考数学733,计算机原理及网络847,空
10699,西北工业大学,1,陕西,软件学院,085405,软件工程,00,不区分研究方向,2,统考,60,思想政治理论101,英语（二）204,数学（二）302,专业综合879,空
10699,西北工业大学,1,陕西,软件学院,085405,软件工程,00,不区分研究方向,2,单考,3,思想政治理论（单独考试）111,单考英语251,单考数学733,专业综合879,空
10699,西北工业大学,1,陕西,民航学院,085402,通信工程（含宽带网络、移动通信等）,00,不区分研究方向,2,统考,2,思想政治理论101,英语（二）204,数学（二）302,飞行器控制原理896,空
10699,西北工业大学,1,陕西,民航学院,085402,通信工程（含宽带网络、移动通信等）,00,不区分研究方向,2,单考,3,思想政治理论（单独考试）111,单考英语251,单考数学733,飞行器控制原理896,空
10079,华北电力大学(保定),0,河北,数理系,085408,光电信息工程,01,微腔激光器的设计与测试,2,统考,0,思想政治理论101,英语（二）204,数学（二）302,光学807,空
10079,华北电力大学(保定),0,河北,数理系,085408,光电信息工程,02,光电检测技术及应用,2,统考,0,思想政治理论101,英语（二）204,数学（二）302,光学807,空
10079,华北电力大学(保定),0,河北,数理系,085408,光电信息工程,03,新型光电器件设计及制备,2,统考,0,思想政治理论101,英语（二）204,数学（二）302,光学807,空
10079,华北电力大学(保定),0,河北,数理系,085408,光电信息工程,04,光声检测技术及应用,2,统考,0,思想政治理论101,英语（二）204,数学（二）302,光学807,空
10079,华北电力大学(保定),0,河北,自动化系,085406,控制工程,01,控制理论及其在工程中的应用,2,统考,0,思想政治理论101,英语（二）204,数学（二）302,自动控制理论二820,空
10079,华北电力大学(保定),0,河北,自动化系,085406,控制工程,02,发电企业信息化与智能化技术,2,统考,0,思想政治理论101,英语（二）204,数学（二）302,自动控制理论二820,空
10079,华北电力大学(保定),0,河北,自动化系,085406,控制工程,03,发电系统建模、仿真与优化控制,2,统考,0,思想政治理论101,英语（二）204,数学（二）302,自动控制理论二820,空
10079,华北电力大学(保定),0,河北,自动化系,085406,控制工程,04,现代测控技术与系统,2,统考,0,思想政治理论101,英语（二）204,数学（二）302,自动控制理论二820,空
10079,华北电力大学(保定),0,河北,自动化系,085406,控制工程,05,工程管理、决策支持理论与方法,2,统考,0,思想政治理论101,英语（二）204,数学（二）302,自动控制理论二820,空
10079,华北电力大学(保定),0,河北,自动化系,085406,控制工程,06,模式识别与智能系统,2,统考,0,思想政治理论101,英语（二）204,数学（二）302,自动控制理论二820,空
10079,华北电力大学(保定),0,河北,自动化系,085406,控制工程,01,控制理论及其在工程中的应用,2,单考,0,思想政治理论（单独考试）111,单考英语288,单考数学666,自动控制理论二820,空
10079,华北电力大学(保定),0,河北,自动化系,085406,控制工程,02,发电企业信息化与智能化技术,2,单考,0,思想政治理论（单独考试）111,单考英语288,单考数学666,自动控制理论二820,空
10079,华北电力大学(保定),0,河北,自动化系,085406,控制工程,03,发电系统建模、仿真与优化控制,2,单考,0,思想政治理论（单独考试）111,单考英语288,单考数学666,自动控制理论二820,空
10079,华北电力大学(保定),0,河北,自动化系,085406,控制工程,04,现代测控技术与系统,2,单考,0,思想政治理论（单独考试）111,单考英语288,单考数学666,自动控制理论二820,空
10079,华北电力大学(保定),0,河北,计算机系,085404,计算机技术,01,能源互联网与电力信息化,2,统考,0,思想政治理论101,英语（二）204,数学（二）302,计算机学科专业基础408,空
10079,华北电力大学(保定),0,河北,计算机系,085404,计算机技术,02,数据库与信息系统,2,统考,0,思想政治理论101,英语（二）204,数学（二）302,计算机学科专业基础408,空
10079,华北电力大学(保定),0,河北,计算机系,085404,计算机技术,03,网络及信息安全技术,2,统考,0,思想政治理论101,英语（二）204,数学（二）302,计算机学科专业基础408,空
10079,华北电力大学(保定),0,河北,计算机系,085404,计算机技术,04,大数据技术及应用,2,统考,0,思想政治理论101,英语（二）204,数学（二）302,计算机学科专业基础408,空
10079,华北电力大学(保定),0,河北,计算机系,085404,计算机技术,05,物联网技术及应用,2,统考,0,思想政治理论101,英语（二）204,数学（二）302,计算机学科专业基础408,空
10079,华北电力大学(保定),0,河北,计算机系,085404,计算机技术,06,人工智能及应用,2,统考,0,思想政治理论101,英语（二）204,数学（二）302,计算机学科专业基础408,空
10079,华北电力大学(保定),0,河北,计算机系,085404,计算机技术,07,嵌入式系统及应用,2,统考,0,思想政治理论101,英语（二）204,数学（二）302,计算机学科专业基础408,空
10079,华北电力大学(保定),0,河北,电子与通信工程系,085402,通信工程（含宽带网络、移动通信等）,01,电力系统通信及信息处理,2,统考,0,思想政治理论101,英语（二）204,数学（二）302,电子技术基础二818,空
10079,华北电力大学(保定),0,河北,电子与通信工程系,085402,通信工程（含宽带网络、移动通信等）,02,现代通信技术及应用,2,统考,0,思想政治理论101,英语（二）204,数学（二）302,电子技术基础二818,空
10079,华北电力大学(保定),0,河北,电子与通信工程系,085402,通信工程（含宽带网络、移动通信等）,03,能源互联网信息通信技术,2,统考,0,思想政治理论101,英语（二）204,数学（二）302,电子技术基础二818,空
10079,华北电力大学(保定),0,河北,电子与通信工程系,085402,通信工程（含宽带网络、移动通信等）,04,智能信息处理与信息安全,2,统考,0,思想政治理论101,英语（二）204,数学（二）302,电子技术基础二818,空
10079,华北电力大学(保定),0,河北,电子与通信工程系,085402,通信工程（含宽带网络、移动通信等）,05,现代电子科学技术及应用,2,统考,0,思想政治理论101,英语（二）204,数学（二）302,电子技术基础二818,空
10079,华北电力大学(保定),0,河北,电子与通信工程系,085402,通信工程（含宽带网络、移动通信等）,06,光通信与光传感技术,2,统考,0,思想政治理论101,英语（二）204,数学（二）302,电子技术基础二818,空
10079,华北电力大学(保定),0,河北,电子与通信工程系,085402,通信工程（含宽带网络、移动通信等）,07,物联网与现代传感技术,2,统考,0,思想政治理论101,英语（二）204,数学（二）302,电子技术基础二818,空
10079,华北电力大学(保定),0,河北,电子与通信工程系,085402,通信工程（含宽带网络、移动通信等）,01,电力系统通信及信息处理,2,单考,0,思想政治理论（单独考试）111,单考英语288,单考数学666,电子技术基础二818,空
10079,华北电力大学(保定),0,河北,电子与通信工程系,085402,通信工程（含宽带网络、移动通信等）,02,现代通信技术及应用,2,单考,0,思想政治理论（单独考试）111,单考英语288,单考数学666,电子技术基础二818,空
10079,华北电力大学(保定),0,河北,电子与通信工程系,085402,通信工程（含宽带网络、移动通信等）,03,能源互联网信息通信技术,2,单考,0,思想政治理论（单独考试）111,单考英语288,单考数学666,电子技术基础二818,空
10359,合肥工业大学,0,安徽,仪器科学与光电工程学院,085408,光电信息工程,01,不区分方向,2,统考,0,思想政治理论101,英语（二）204,数学（二）302,仪器技术综合854,空
10359,合肥工业大学,0,安徽,电气与自动化工程学院,085400,电子信息,01,不区分方向,2,统考,10,思想政治理论101,英语（二）204,数学（二）302,自动控制理论基础832,空
10359,合肥工业大学,0,安徽,物理学院,085400,电子信息,01,不区分方向,2,统考,10,思想政治理论101,英语（二）204,数学（一）301,半导体物理868,空
10359,合肥工业大学,0,安徽,数学学院,085412,网络与信息安全,01,网络安全与密码,2,统考,0,思想政治理论101,英语（二）204,数学（二）302,高级语言程序设计863,空
10359,合肥工业大学,0,安徽,数学学院,085412,网络与信息安全,02,量子计算与安全,2,统考,0,思想政治理论101,英语（二）204,数学（二）302,高级语言程序设计863,空
10359,合肥工业大学,0,安徽,数学学院,085412,网络与信息安全,03,应用安全,2,统考,0,思想政治理论101,英语（二）204,数学（二）302,高级语言程序设计863,空
10359,合肥工业大学,0,安徽,计算机与信息学院,085405,软件工程,01,不区分方向,2,统考,0,思想政治理论101,英语（二）204,数学（二）302,计算机学科专业基础408,空
10359,合肥工业大学,0,安徽,微电子学院,085403,集成电路工程,01,不区分方向,2,统考,0,思想政治理论101,英语（二）204,数学（二）302,电子科学与技术综合865,空
10284,南京大学,1,江苏,软件学院,085411,大数据技术与工程,F1,大数据技术与工程,2,统考,0,思想政治理论101,英语（二）204,数学（二）302,计算机学科专业基础408,空
10558,中山大学,1,广东,计算机学院,085411,大数据技术与工程,69,不分方向,2,统考,0,思想政治理论101,英语（二）204,数学（二）302,计算机学科专业基础408,空
10005,北京工业大学,0,北京,信息科学技术学院,085406,控制工程,01,智能系统与自主控制,2,统考,0,思想政治理论101,英语（二）204,数学（二）302,自动控制原理821,空
10005,北京工业大学,0,北京,信息科学技术学院,085406,控制工程,02,智能服务机器人,2,统考,0,思想政治理论101,英语（二）204,数学（二）302,自动控制原理821,空
10005,北京工业大学,0,北京,信息科学技术学院,085406,控制工程,03,机器感知与模式识别,2,统考,0,思想政治理论101,英语（二）204,数学（二）302,自动控制原理821,空
10005,北京工业大学,0,北京,信息科学技术学院,085406,控制工程,04,智能检测与人机交互,2,统考,0,思想政治理论101,英语（二）204,数学（二）302,自动控制原理821,空
10108,山西大学,0,山西,自动化与软件学院,085406,控制工程,00,不区分研究方向,2,统考,10,思想政治理论101,英语（二）204,数学（二）302,自动控制原理865,空
10298,南京林业大学,0,江苏,机械电子工程学院,085406,控制工程,00,不区分研究方向,2,统考,25,思想政治理论101,英语（二）204,数学（二）302,自动控制原理834,空
10298,南京林业大学,0,江苏,信息科学技术学院、人工智能学院,085400,电子信息,01,电子与通信工程,2,统考,6,思想政治理论101,英语（二）204,数学（二）302,电路A882,空
10298,南京林业大学,0,江苏,信息科学技术学院、人工智能学院,085400,电子信息,02,物联网工程,2,统考,6,思想政治理论101,英语（二）204,数学（二）302,电路A882,空
10298,南京林业大学,0,江苏,信息科学技术学院、人工智能学院,085400,电子信息,03,计算机技术,2,统考,13,思想政治理论101,英语（二）204,数学（二）302,计算机学科专业基础408,空
10335,浙江大学,1,浙江,工程师学院,085406,控制工程,21,控制工程（非全专硕单考）,2,单考,30,思想政治理论（单独考试）111,单考英语243,单考数学751,自动控制原理（单考）895,空
10335,浙江大学,1,浙江,工程师学院,085401,新一代电子信息技术（含量子技术等）,20,新一代电子信息技术(（非全专硕单独考试）),2,单考,25,思想政治理论（单独考试）111,单考英语243,单考数学751,信号系统与数字电路（单考）894,空
10698,西安交通大学,1,陕西,电子与信息学部-自动化科学与工程学院,085406,控制工程,05,智能机器人（单考）,2,单考,0,思想政治理论（单独考试）111,英语（单独考试）251,数学（单独考试）701,自动控制理论基础（含现代控制）871,空
10698,西安交通大学,1,陕西,电子与信息学部-信息与通信工程学院,085401,新一代电子信息技术（含量子技术等）,02,信息与通信工程,2,统考,0,思想政治理论101,英语（二）204,数学（二）302,信号与系统分析及数字信号处理869,空
10698,西安交通大学,1,陕西,电子与信息学部-电子科学与工程学院,085401,新一代电子信息技术（含量子技术等）,06,电子工程电子材料与元件（单考）,2,单考,0,思想政治理论（单独考试）111,英语（单独考试）251,数学（单独考试）701,电子学基础868,空
10698,西安交通大学,1,陕西,电子与信息学部-信息与通信工程学院,085402,通信工程（含宽带网络、移动通信等）,02,信息与通信工程,2,统考,0,思想政治理论101,英语（二）204,数学（二）302,信号与系统分析及数字信号处理869,空
10058,天津工业大学,0,天津,电子与信息工程学院,085401,新一代电子信息技术（含量子技术等）,00,不区分研究方向,2,统考,4,思想政治理论101,英语（一）201,数学（一）301,信号与系统812,空
10058,天津工业大学,0,天津,电子与信息工程学院,085402,通信工程（含宽带网络、移动通信等）,01,通信系统工程,2,统考,2,思想政治理论101,英语（一）201,数学（一）301,通信原理814,空
10058,天津工业大学,0,天津,电子与信息工程学院,085402,通信工程（含宽带网络、移动通信等）,02,通信信号处理,2,统考,3,思想政治理论101,英语（一）201,数学（一）301,信号与系统812,空
10058,天津工业大学,0,天津,电子与信息工程学院,085403,集成电路工程,00,不区分研究方向,2,统考,4,思想政治理论101,英语（一）201,数学（一）301,信号与系统812,空
10251,华东理工大学,0,上海,卓越工程师学院,085401,新一代电子信息技术（含量子技术等）,02,不区分研究方向（产教融合专项）,2,统考,0,思想政治理论101,英语（二）204,数学（二）302,信号与系统（含数字信号处理）814,空
10002,中国人民大学,1,北京,信息学院（专业学位）,085400,电子信息,01,软件工程领域,2,统考,0,思想政治理论101,英语（二）204,数学（二）302,计算机学科专业基础408,空
10002,中国人民大学,1,北京,信息学院（专业学位）,085400,电子信息,03,人工智能领域,2,统考,0,思想政治理论101,英语（二）204,数学（二）302,计算机学科专业基础408,空
10002,中国人民大学,1,北京,信息学院（专业学位）,085400,电子信息,05,大数据技术与工程领域,2,统考,0,思想政治理论101,英语（二）204,数学（二）302,计算机学科专业基础408,空
10006,北京航空航天大学,1,北京,电子信息工程学院,085400,电子信息,01,新一代信息通信技术,2,统考,20,思想政治理论101,英语（一）201,数学（一）301,通信类专业综合802,空
10006,北京航空航天大学,1,北京,网络空间安全学院,085412,网络与信息安全,00,不区分研究方向,2,统考,20,思想政治理论101,英语（一）201,数学（一）301,网络空间安全专业综合840,空
10006,北京航空航天大学,1,北京,计算机学院,085404,计算机技术,00,不区分研究方向,2,统考,30,思想政治理论101,英语（一）201,数学（一）301,计算机基础综合806,空
10006,北京航空航天大学,1,北京,软件学院,085405,软件工程,00,不区分研究方向,2,统考,50,思想政治理论101,英语（二）204,数学（二）302,软件工程基础综合809,空
10006,北京航空航天大学,1,北京,集成电路科学与工程学院,085403,集成电路工程,00,不区分研究方向,2,统考,20,思想政治理论101,英语（一）201,数学（一）301,通信类专业综合802,空
10022,北京林业大学,0,北京,信息学院,085400,电子信息,01,软件工程,2,统考,1,思想政治理论101,英语（二）204,数学（二）302,计算机学科专业基础408,空
10022,北京林业大学,0,北京,信息学院,085400,电子信息,02,软件工程（国际联合培养）,2,统考,1,思想政治理论101,英语（二）204,数学（二）302,计算机学科专业基础408,空
10055,南开大学,1,天津,电子信息与光学工程学院,085400,电子信息,03,集成电路工程,2,统考,8,思想政治理论101,英语（二）204,数学（二）302,电子综合基础808,空
10055,南开大学,1,天津,软件学院,085400,电子信息,01,软件工程,2,统考,12,思想政治理论101,英语（二）204,数学（二）302,C语言与数据结构811,空
10056,天津大学,1,天津,专业学位教育中心,085400,电子信息,01,光学工程方向一,2,统考,2,思想政治理论101,英语（一）201,数学（一）301,工程光学与光电子学基础807,空
10056,天津大学,1,天津,专业学位教育中心,085400,电子信息,02,光学工程方向二,2,统考,2,思想政治理论101,英语（一）201,数学（一）301,信号与系统815,空
10056,天津大学,1,天津,专业学位教育中心,085400,电子信息,03,光电子技术方向一,2,统考,2,思想政治理论101,英语（一）201,数学（一）301,工程光学与光电子学基础807,空
10056,天津大学,1,天津,专业学位教育中心,085400,电子信息,04,光电子技术方向二,2,统考,2,思想政治理论101,英语（一）201,数学（一）301,量子力学837,空
10056,天津大学,1,天津,专业学位教育中心,085400,电子信息,05,仪器仪表工程方向一,2,统考,2,思想政治理论101,英语（一）201,数学（一）301,测控技术基础806,空
10056,天津大学,1,天津,专业学位教育中心,085400,电子信息,06,仪器仪表工程方向二,2,统考,2,思想政治理论101,英语（一）201,数学（一）301,自动控制理论812,空
10056,天津大学,1,天津,专业学位教育中心,085400,电子信息,07,仪器仪表工程方向三,2,统考,2,思想政治理论101,英语（一）201,数学（一）301,信号与系统815,空
10056,天津大学,1,天津,专业学位教育中心,085400,电子信息,08,集成电路工程,2,统考,2,思想政治理论101,英语（一）201,数学（一）301,半导体物理与器件813,空
10056,天津大学,1,天津,专业学位教育中心,085400,电子信息,09,电子与通信工程,2,统考,2,思想政治理论101,英语（一）201,数学（一）301,信号与系统815,空
10056,天津大学,1,天津,专业学位教育中心,085400,电子信息,10,信息与通信工程方向一,2,统考,2,思想政治理论101,英语（一）201,数学（一）301,通信原理814,空
10217,哈尔滨工程大学,0,黑龙江,智能科学与工程学院,085400,电子信息,01,该专业不区分研究方向,2,统考,5,思想政治理论101,英语（一）201,数学（一）301,自动控制原理808,空【0】思想政治理论101-俄语202-数学（一）301-自动控制原理808【1】思想政治理论101-日语203-数学（一）301-自动控制原理808
10217,哈尔滨工程大学,0,黑龙江,水声工程学院,085400,电子信息,01,该专业不区分研究方向,2,统考,5,思想政治理论101,英语（一）201,数学（一）301,信号与系统810,空【0】思想政治理论101-俄语202-数学（一）301-信号与系统810【1】思想政治理论101-日语203-数学（一）301-信号与系统810
10217,哈尔滨工程大学,0,黑龙江,计算机科学与技术学院,085400,电子信息,01,该专业不区分研究方向,2,统考,5,思想政治理论101,英语（一）201,数学（一）301,软件工程专业基础综合812,空【0】思想政治理论101-俄语202-数学（一）301-软件工程专业基础综合812【1】思想政治理论101-日语203-数学（一）301-软件工程专业基础综合812
10217,哈尔滨工程大学,0,黑龙江,信息与通信工程学院,085400,电子信息,01,该专业不区分研究方向,2,统考,5,思想政治理论101,英语（一）201,数学（一）301,电路、信号与系统815,空【0】思想政治理论101-俄语202-数学（一）301-电路、信号与系统815【1】思想政治理论101-日语203-数学（一）301-电路、信号与系统815
10217,哈尔滨工程大学,0,黑龙江,物理与光电工程学院,085400,电子信息,01,该专业不区分研究方向,2,统考,5,思想政治理论101,英语（一）201,数学（一）301,普通物理830,空【0】思想政治理论101-俄语202-数学（一）301-普通物理830【1】思想政治理论101-日语203-数学（一）301-普通物理830
10217,哈尔滨工程大学,0,黑龙江,智能科学与工程学院,085400,电子信息,00,不区分研究方向,2,单考,2,思想政治理论（单独考试）111,单独考试英语245,单独考试数学621,自动控制原理808,空【0】思想政治理论（单独考试）111-单独考试俄语246-单独考试数学621-自动控制原理808【1】思想政治理论（单独考试）111-单独考试日语247-单独考试数学621-自动控制原理808
10217,哈尔滨工程大学,0,黑龙江,水声工程学院,085400,电子信息,00,不区分研究方向,2,单考,3,思想政治理论（单独考试）111,单独考试英语245,单独考试数学621,信号与系统810,空【0】思想政治理论（单独考试）111-单独考试俄语246-单独考试数学621-信号与系统810【1】思想政治理论（单独考试）111-单独考试日语247-单独考试数学621-信号与系统810
10217,哈尔滨工程大学,0,黑龙江,计算机科学与技术学院,085400,电子信息,00,不区分研究方向,2,单考,2,思想政治理论（单独考试）111,单独考试英语245,单独考试数学621,软件工程专业基础综合812,空【0】思想政治理论（单独考试）111-单独考试俄语246-单独考试数学621-软件工程专业基础综合812【1】思想政治理论（单独考试）111-单独考试日语247-单独考试数学621-软件工程专业基础综合812
10217,哈尔滨工程大学,0,黑龙江,信息与通信工程学院,085400,电子信息,00,不区分研究方向,2,单考,1,思想政治理论（单独考试）111,单独考试英语245,单独考试数学621,电路、信号与系统815,空【0】思想政治理论（单独考试）111-单独考试俄语246-单独考试数学621-电路、信号与系统815【1】思想政治理论（单独考试）111-单独考试日语247-单独考试数学621-电路、信号与系统815
10246,复旦大学,1,上海,航空航天系,085400,电子信息,05,电子信息,2,统考,10,思想政治理论101,英语（二）204,数学（二）302,理论力学848,空
10246,复旦大学,1,上海,软件学院,085400,电子信息,09,软件工程,2,统考,18,思想政治理论101,英语（二）204,数学（二）302,计算机学科专业基础408,空
10246,复旦大学,1,上海,软件学院,085400,电子信息,10,大数据与人工智能,2,统考,18,思想政治理论101,英语（二）204,数学（二）302,计算机学科专业基础408,空
10246,复旦大学,1,上海,软件学院,085400,电子信息,11,网络与信息安全,2,统考,18,思想政治理论101,英语（二）204,数学（二）302,计算机学科专业基础408,空
10246,复旦大学,1,上海,软件学院,085400,电子信息,12,企业信息化,2,统考,18,思想政治理论101,英语（二）204,数学（二）302,计算机学科专业基础408,空
10246,复旦大学,1,上海,软件学院,085400,电子信息,13,智慧税务,2,统考,18,思想政治理论101,英语（二）204,数学（二）302,计算机学科专业基础408,空
10247,同济大学,1,上海,工程类专业学位研究生教育管理中心,085400,电子信息,01,电子与通信工程,2,统考,10,思想政治理论101,英语（二）204,数学（二）302,通信原理824,空
10247,同济大学,1,上海,工程类专业学位研究生教育管理中心,085400,电子信息,02,电子技术与集成电路工程,2,统考,20,思想政治理论101,英语（二）204,数学（二）302,电子学基础823,空
10247,同济大学,1,上海,工程类专业学位研究生教育管理中心,085400,电子信息,03,人工智能与自动化工程,2,统考,20,思想政治理论101,英语（二）204,数学（二）302,工程能力综合888,空
10247,同济大学,1,上海,工程类专业学位研究生教育管理中心,085400,电子信息,04,计算机与智能技术,2,统考,20,思想政治理论101,英语（二）204,数学（二）302,计算机学科专业基础408,空
10247,同济大学,1,上海,工程类专业学位研究生教育管理中心,085400,电子信息,05,软件工程,2,统考,30,思想政治理论101,英语（二）204,数学（二）302,工程能力综合888,空
10247,同济大学,1,上海,工程类专业学位研究生教育管理中心,085400,电子信息,06,智慧设施和生态环境,2,统考,10,思想政治理论101,英语（二）204,数学（二）302,工程能力综合888,空
10293,南京邮电大学,0,江苏,通信与信息工程学院,085400,电子信息,01,移动与无线通信,2,统考,6,思想政治理论101,英语（二）204,数学（二）302,通信原理801,空
10293,南京邮电大学,0,江苏,通信与信息工程学院,085400,电子信息,02,通信网络技术,2,统考,6,思想政治理论101,英语（二）204,数学（二）302,通信原理801,空
10293,南京邮电大学,0,江苏,通信与信息工程学院,085400,电子信息,03,多媒体通信与图像处理,2,统考,6,思想政治理论101,英语（二）204,数学（二）302,通信原理801,空
10293,南京邮电大学,0,江苏,通信与信息工程学院,085400,电子信息,04,智能信号处理技术,2,统考,6,思想政治理论101,英语（二）204,数学（二）302,通信原理801,空
10293,南京邮电大学,0,江苏,电子与光学工程学院/柔性电子（未来技术）学院,085400,电子信息,01,智能光电技术,2,统考,5,思想政治理论101,英语（二）204,数学（二）302,电路分析813,空
10293,南京邮电大学,0,江苏,电子与光学工程学院/柔性电子（未来技术）学院,085400,电子信息,02,智能微纳电子器件及集成,2,统考,5,思想政治理论101,英语（二）204,数学（二）302,电路分析813,空
10293,南京邮电大学,0,江苏,电子与光学工程学院/柔性电子（未来技术）学院,085400,电子信息,03,电路系统与信息处理,2,统考,5,思想政治理论101,英语（二）204,数学（二）302,电路分析813,空
10293,南京邮电大学,0,江苏,电子与光学工程学院/柔性电子（未来技术）学院,085400,电子信息,04,射频集成与无线技术,2,统考,4,思想政治理论101,英语（二）204,数学（二）302,电路分析813,空
10293,南京邮电大学,0,江苏,自动化学院/人工智能学院,085400,电子信息,01,网络化系统与优化控制,2,统考,5,思想政治理论101,英语（二）204,数学（二）302,自动控制原理812,空
10293,南京邮电大学,0,江苏,自动化学院/人工智能学院,085400,电子信息,02,混沌系统与复杂网络控制,2,统考,4,思想政治理论101,英语（二）204,数学（二）302,自动控制原理812,空
10293,南京邮电大学,0,江苏,计算机学院/软件学院/网络空间安全学院,085404,计算机技术,01,人工智能技术与应用,2,统考,12,思想政治理论101,英语（二）204,数学（二）302,数据结构811,空
10293,南京邮电大学,0,江苏,计算机学院/软件学院/网络空间安全学院,085404,计算机技术,02,软件工程及嵌入式系统,2,统考,12,思想政治理论101,英语（二）204,数学（二）302,数据结构811,空
10293,南京邮电大学,0,江苏,计算机学院/软件学院/网络空间安全学院,085404,计算机技术,03,云计算、大数据及物联网技术,2,统考,12,思想政治理论101,英语（二）204,数学（二）302,数据结构811,空
10293,南京邮电大学,0,江苏,计算机学院/软件学院/网络空间安全学院,085404,计算机技术,04,网络安全与数据隐私,2,统考,12,思想政治理论101,英语（二）204,数学（二）302,数据结构811,空
10293,南京邮电大学,0,江苏,集成电路科学与工程学院（产教融合学院）,085403,集成电路工程,01,集成电路设计与封测,2,统考,10,思想政治理论101,英语（二）204,数学（二）302,电路分析813,空
10293,南京邮电大学,0,江苏,集成电路科学与工程学院（产教融合学院）,085403,集成电路工程,02,半导体材料与微纳器件技术,2,统考,10,思想政治理论101,英语（二）204,数学（二）302,电路分析813,空
10293,南京邮电大学,0,江苏,集成电路科学与工程学院（产教融合学院）,085403,集成电路工程,03,智能硬件与智能系统,2,统考,10,思想政治理论101,英语（二）204,数学（二）302,电路分析813,空
10293,南京邮电大学,0,江苏,南京邮电大学-南京市浦口区联合培养“浦芯精英”专项计划,085403,集成电路工程,01,集成电路设计与封测,2,统考,0,思想政治理论101,英语（二）204,数学（二）302,电路分析813,空
10293,南京邮电大学,0,江苏,南京邮电大学-南京市浦口区联合培养“浦芯精英”专项计划,085403,集成电路工程,02,半导体材料与微纳器件技术,2,统考,0,思想政治理论101,英语（二）204,数学（二）302,电路分析813,空
10293,南京邮电大学,0,江苏,南京邮电大学-南京市浦口区联合培养“浦芯精英”专项计划,085403,集成电路工程,03,智能硬件与智能系统,2,统考,0,思想政治理论101,英语（二）204,数学（二）302,电路分析813,空
10294,河海大学,0,江苏,人工智能与自动化学院,085400,电子信息,03,控制工程,2,统考,7,思想政治理论101,英语（二）204,数学（二）302,自动控制理论基础827,空
10403,南昌大学,0,江西,信息工程学院,085400,电子信息,00,不区分研究方向,2,统考,15,思想政治理论101,英语（二）204,数学（二）302,信号与系统811,空
10486,武汉大学,1,湖北,电子信息学院,085400,电子信息,01,新一代通信与网络技术,2,统考,7,思想政治理论101,英语（二）204,数学（二）302,信号与系统807,空
10486,武汉大学,1,湖北,电子信息学院,085400,电子信息,02,无线电探测与信息处理技术,2,统考,7,思想政治理论101,英语（二）204,数学（二）302,信号与系统807,空
10486,武汉大学,1,湖北,电子信息学院,085400,电子信息,03,光电探测与遥感技术,2,统考,8,思想政治理论101,英语（二）204,数学（二）302,信号与系统807,空
10486,武汉大学,1,湖北,电子信息学院,085400,电子信息,04,人工智能与大数据技术,2,统考,8,思想政治理论101,英语（二）204,数学（二）302,信号与系统807,空
10486,武汉大学,1,湖北,测绘遥感信息工程国家重点实验室,085400,电子信息,02,电子与通信工程,2,统考,3,思想政治理论101,英语（二）204,数学（二）302,信号与系统807,空
10487,华中科技大学,1,湖北,电子信息与通信学院,085400,电子信息,01,新一代电子信息技术（含量子技术等）,2,统考,0,思想政治理论101,英语（一）201,数学（一）301,信号与线性系统824,空
10487,华中科技大学,1,湖北,电子信息与通信学院,085400,电子信息,02,通信工程（含宽带网络、移动通信等）,2,统考,0,思想政治理论101,英语（一）201,数学（一）301,信号与线性系统824,空
10487,华中科技大学,1,湖北,电子信息与通信学院,085400,电子信息,03,人工智能,2,统考,0,思想政治理论101,英语（一）201,数学（一）301,信号与线性系统824,空
10487,华中科技大学,1,湖北,网络空间安全学院,085412,网络与信息安全,00,不区分研究方向,2,统考,8,思想政治理论101,英语（一）201,数学（一）301,计算机学科专业基础408,空
10487,华中科技大学,1,湖北,计算机科学与技术学院,085404,计算机技术,00,不区分研究方向,2,统考,5,思想政治理论101,英语（一）201,数学（一）301,计算机学科专业基础408,空
10487,华中科技大学,1,湖北,网络空间安全学院,085402,通信工程（含宽带网络、移动通信等）,01,电子与通信工程,2,统考,0,思想政治理论101,英语（一）201,数学（一）301,信号与线性系统824,空
10491,中国地质大学(武汉),0,湖北,地理与信息工程学院,085400,电子信息,01,新一代信息技术与软件,2,统考,1,思想政治理论101,英语（二）204,数学（二）302,地理信息系统设计与开发893,空
10491,中国地质大学(武汉),0,湖北,地理与信息工程学院,085400,电子信息,02,时空分析与大数据挖掘,2,统考,1,思想政治理论101,英语（二）204,数学（二）302,地理信息系统设计与开发893,空
10491,中国地质大学(武汉),0,湖北,机械与电子信息学院,085400,电子信息,01,信息处理技术,2,统考,2,思想政治理论101,英语（二）204,数学（二）302,电路、信号与系统894,空
10491,中国地质大学(武汉),0,湖北,自动化学院,085400,电子信息,01,先进控制技术及应用,2,统考,1,思想政治理论101,英语（二）204,数学（二）302,电路理论852,空
10491,中国地质大学(武汉),0,湖北,自动化学院,085400,电子信息,02,现代测控系统与智能仪器,2,统考,1,思想政治理论101,英语（二）204,数学（二）302,电路理论852,空
10491,中国地质大学(武汉),0,湖北,自动化学院,085400,电子信息,03,复杂系统控制设计与集成应用,2,统考,1,思想政治理论101,英语（二）204,数学（二）302,电路理论852,空
10491,中国地质大学(武汉),0,湖北,国家地理信息系统工程技术研究中心,085400,电子信息,01,传感器与先进感知,2,统考,2,思想政治理论101,英语（二）204,数学（二）302,计算机学科专业基础408,空
10491,中国地质大学(武汉),0,湖北,机械与电子信息学院,085400,电子信息,01,信息处理技术,2,单考,1,思想政治理论（单独考试）111,单考英语240,单考数学660,电路、信号与系统a870,空
10491,中国地质大学(武汉),0,湖北,计算机学院,085404,计算机技术,01,人工智能技术,2,统考,5,思想政治理论101,英语（二）204,数学（二）302,计算机软件综合830,空
10491,中国地质大学(武汉),0,湖北,计算机学院,085404,计算机技术,02,大数据技术,2,统考,5,思想政治理论101,英语（二）204,数学（二）302,计算机软件综合830,空
10491,中国地质大学(武汉),0,湖北,计算机学院,085404,计算机技术,03,空间信息技术,2,统考,5,思想政治理论101,英语（二）204,数学（二）302,计算机软件综合830,空
10491,中国地质大学(武汉),0,湖北,计算机学院,085404,计算机技术,04,网络与信息安全技术,2,统考,5,思想政治理论101,英语（二）204,数学（二）302,计算机软件综合830,空
10491,中国地质大学(武汉),0,湖北,计算机学院,085404,计算机技术,05,软件开发技术,2,统考,8,思想政治理论101,英语（二）204,数学（二）302,计算机软件综合830,空
10491,中国地质大学(武汉),0,湖北,计算机学院,085404,计算机技术,01,人工智能技术,2,单考,1,思想政治理论（单独考试）111,单考英语240,单考数学660,计算机软件综合a862,空
10532,湖南大学,1,湖南,信息科学与工程学院,085400,电子信息,05,人工智能,2,统考,30,思想政治理论101,英语（二）204,数学（二）302,数据结构866,空
10532,湖南大学,1,湖南,机器人学院,085400,电子信息,00,不区分研究方向,2,统考,20,思想政治理论101,英语（二）204,数学（二）302,电子技术基础822,空
10533,中南大学,1,湖南,大数据研究院,085400,电子信息,01,计算机技术,2,统考,1,思想政治理论101,英语（二）204,数学（二）302,计算机基础综合842,空
10533,中南大学,1,湖南,大数据研究院,085400,电子信息,02,人工智能,2,统考,1,思想政治理论101,英语（二）204,数学（二）302,计算机基础综合842,空
10533,中南大学,1,湖南,大数据研究院,085400,电子信息,03,大数据技术与工程,2,统考,1,思想政治理论101,英语（二）204,数学（二）302,计算机基础综合842,空
10533,中南大学,1,湖南,大数据研究院,085400,电子信息,04,网络与信息安全,2,统考,1,思想政治理论101,英语（二）204,数学（二）302,计算机基础综合842,空
10533,中南大学,1,湖南,大数据研究院,085400,电子信息,05,软件工程,2,统考,1,思想政治理论101,英语（二）204,数学（二）302,计算机基础综合842,空
10533,中南大学,1,湖南,物理学院,085400,电子信息,01,新一代电子信息技术（含量子技术等）,2,统考,1,思想政治理论101,英语（二）204,数学（二）302,信号与系统853,空
10533,中南大学,1,湖南,物理学院,085400,电子信息,02,通信工程（含宽带网络、移动通信等）,2,统考,1,思想政治理论101,英语（二）204,数学（二）302,信号与系统853,空
10533,中南大学,1,湖南,物理学院,085400,电子信息,03,集成电路工程,2,统考,1,思想政治理论101,英语（二）204,数学（二）302,信号与系统853,空
10533,中南大学,1,湖南,物理学院,085400,电子信息,04,仪器仪表工程,2,统考,1,思想政治理论101,英语（二）204,数学（二）302,信号与系统853,空
10533,中南大学,1,湖南,物理学院,085400,电子信息,05,光电信息工程,2,统考,1,思想政治理论101,英语（二）204,数学（二）302,量子力学809,空
10559,暨南大学,0,广东,珠海研究院,085400,电子信息,01,人工智能,2,统考,5,思想政治理论101,英语（二）204,数学（二）302,计算机学科专业基础408,空
10559,暨南大学,0,广东,珠海研究院,085400,电子信息,02,电子与通信工程,2,统考,5,思想政治理论101,英语（二）204,数学（二）302,电子技术基础823,空
10710,长安大学,0,陕西,电子与控制工程学院,085400,电子信息,01,控制工程,2,统考,5,思想政治理论101,俄语202,数学（二）302,自动控制理论812,空【0】思想政治理论101-日语203-数学（二）302-自动控制理论812【1】思想政治理论101-英语（二）204-数学（二）302-自动控制理论812
10710,长安大学,0,陕西,电子与控制工程学院,085400,电子信息,02,集成电路工程,2,统考,3,思想政治理论101,俄语202,数学（二）302,自动控制理论812,空【0】思想政治理论101-日语203-数学（二）302-自动控制理论812【1】思想政治理论101-英语（二）204-数学（二）302-自动控制理论812
10710,长安大学,0,陕西,电子与控制工程学院,085400,电子信息,03,人工智能,2,统考,3,思想政治理论101,俄语202,数学（二）302,自动控制理论812,空【0】思想政治理论101-日语203-数学（二）302-自动控制理论812【1】思想政治理论101-英语（二）204-数学（二）302-自动控制理论812
10710,长安大学,0,陕西,信息工程学院,085400,电子信息,01,软件工程,2,统考,4,思想政治理论101,俄语202,数学（二）302,计算机类学科基础846,空【0】思想政治理论101-日语203-数学（二）302-计算机类学科基础846【1】思想政治理论101-英语（二）204-数学（二）302-计算机类学科基础846
10710,长安大学,0,陕西,信息工程学院,085400,电子信息,02,计算机技术,2,统考,3,思想政治理论101,俄语202,数学（二）302,计算机类学科基础846,空【0】思想政治理论101-日语203-数学（二）302-计算机类学科基础846【1】思想政治理论101-英语（二）204-数学（二）302-计算机类学科基础846
10710,长安大学,0,陕西,信息工程学院,085400,电子信息,03,电子信息技术,2,统考,3,思想政治理论101,俄语202,数学（二）302,信号与系统814,空【0】思想政治理论101-日语203-数学（二）302-信号与系统814【1】思想政治理论101-英语（二）204-数学（二）302-信号与系统814
10710,长安大学,0,陕西,电子与控制工程学院,085400,电子信息,00,不区分研究方向,2,单考,1,思想政治理论（单独考试）111,单考英语241,单考数学602,自动控制理论812,空
10759,石河子大学,0,新疆,信息科学与技术学院,085400,电子信息,00,不区分研究方向,2,统考,8,思想政治理论101,英语（二）204,数学（二）302,计算机学科专业基础408,空
10759,石河子大学,0,新疆,机械电气工程学院,085400,电子信息,00,不区分研究方向,2,统考,4,思想政治理论101,英语（二）204,数学（二）302,电路分析基础815,空
11415,中国地质大学(北京),0,北京,地球物理与信息技术学院,085400,电子信息,06,控制工程,2,统考,0,思想政治理论101,英语（二）204,数学（二）302,信号与系统845,空
11415,中国地质大学(北京),0,北京,信息工程学院,085404,计算机技术,04,计算机技术,2,统考,0,思想政治理论101,英语（二）204,数学（二）302,计算机学科专业基础408,空
11415,中国地质大学(北京),0,北京,信息工程学院,085405,软件工程,05,软件工程,2,统考,0,思想政治理论101,英语（二）204,数学（二）302,软件工程859,空
11646,宁波大学,0,浙江,信息科学与工程学院,085400,电子信息,00,不区分研究方向,2,统考,30,思想政治理论101,英语（二）204,数学（二）302,C程序设计830,空
91002,国防科技大学,0,湖南,计算机学院,085400,电子信息,01,计算机科学与技术,2,统考,1,思想政治理论101,英语（二）204,数学（二）302,计算机专业应用基础822,空
91002,国防科技大学,0,湖南,计算机学院,085400,电子信息,02,软件工程,2,统考,1,思想政治理论101,英语（二）204,数学（二）302,计算机专业应用基础822,空
91002,国防科技大学,0,湖南,计算机学院,085400,电子信息,03,网络空间安全,2,统考,1,思想政治理论101,英语（二）204,数学（二）302,计算机专业应用基础822,空
91002,国防科技大学,0,湖南,电子科学学院,085400,电子信息,01,信息与通信工程,2,统考,1,思想政治理论101,英语（二）204,数学（二）302,信号与系统基础833,空
91002,国防科技大学,0,湖南,电子科学学院,085400,电子信息,02,电子科学与技术,2,统考,1,思想政治理论101,英语（二）204,数学（二）302,信号与系统基础833,空
91002,国防科技大学,0,湖南,智能科学学院,085400,电子信息,00,不区分研究方向,2,统考,1,思想政治理论101,英语（一）201,数学（一）301,自动控制原理851,空
91002,国防科技大学,0,湖南,信息通信学院,085400,电子信息,01,通信工程,2,统考,1,思想政治理论101,英语（一）201,数学（一）301,信号与系统831,空
91002,国防科技大学,0,湖南,信息通信学院,085400,电子信息,02,网络与信息安全,2,统考,1,思想政治理论101,英语（一）201,数学（一）301,计算机综合892,空
91002,国防科技大学,0,湖南,信息通信学院,085400,电子信息,03,电子与通信工程,2,统考,1,思想政治理论101,英语（二）204,数学（二）302,信号与系统基础833,空
10384,厦门大学,1,福建,计算机科学与技术系,085412,网络与信息安全,00,不区分研究方向,2,统考,5,思想政治理论101,英语（二）204,数学（二）302,计算机学科专业基础408,空
10112,太原理工大学,0,山西,计算机科学与技术学院（大数据学院）,085404,计算机技术,00,不区分研究方向,2,单考,2,思想政治理论（单独考试）111,单独考试英语288,单独考试数学688,计算机理论与技术814,空
10280,上海大学,0,上海,计算机工程与科学学院,085404,计算机技术,01,智能决策技术,2,统考,0,思想政治理论101,英语（二）204,数学（二）302,计算机学科专业基础408,空
10280,上海大学,0,上海,计算机工程与科学学院,085404,计算机技术,02,云计算和大数据技术,2,统考,0,思想政治理论101,英语（二）204,数学（二）302,计算机学科专业基础408,空
10280,上海大学,0,上海,计算机工程与科学学院,085404,计算机技术,03,知识工程与人工智能技术,2,统考,0,思想政治理论101,英语（二）204,数学（二）302,计算机学科专业基础408,空
10280,上海大学,0,上海,计算机工程与科学学院,085404,计算机技术,04,具身智能技术,2,统考,0,思想政治理论101,英语（二）204,数学（二）302,计算机学科专业基础408,空
10280,上海大学,0,上海,计算机工程与科学学院,085404,计算机技术,05,智能信息处理与认知技术,2,统考,0,思想政治理论101,英语（二）204,数学（二）302,计算机学科专业基础408,空
10280,上海大学,0,上海,计算机工程与科学学院,085404,计算机技术,06,大模型交叉赋能技术,2,统考,0,思想政治理论101,英语（二）204,数学（二）302,计算机学科专业基础408,空
10290,中国矿业大学,0,江苏,计算机科学与技术学院,085404,计算机技术,00,不区分研究方向,2,统考,4,思想政治理论101,英语（二）204,数学（二）302,计算机学科专业基础408,空
10290,中国矿业大学,0,江苏,计算机科学与技术学院,085405,软件工程,00,不区分研究方向,2,统考,3,思想政治理论101,英语（二）204,数学（二）302,计算机学科专业基础408,空
10593,广西大学,0,广西,计算机与电子信息学院,085404,计算机技术,00,不区分研究方向,2,统考,43,思想政治理论101,英语（二）204,数学（二）302,程序设计与数据结构828,空
10008,北京科技大学,0,北京,数理学院,085405,软件工程,00,不区分研究方向,2,统考,45,思想政治理论101,英语（二）204,数学（二）302,数据结构879,空
10589,海南大学,0,海南,计算机科学与技术学院,085405,软件工程,00,不区分研究方向,2,统考,10,思想政治理论101,英语（二）204,数学（二）302,计算机学科专业基础408,空
10610,四川大学,1,四川,计算机学院（软件学院、智能科学与技术学院）,085405,软件工程,01,本领域不设研究方向,2,统考,0,思想政治理论101,英语（二）204,数学（二）302,计算机学科专业基础408,空
